4.807 metre yüksekliğindeki hem Fransanın hem de Avrupanın en yüksek dağı hangisidir?,Apennin,Carpathian,Pyrenees,Mont Blanc,4,3
Sadece 20 dakikalığına Fransa Kralı olarak hüküm sürüm süren kral kimdir?,Louis Antoine de Bourbon,Louis Antoine de Bougainville,Louise Saint Just,Louis-Antoine de Noailles,1,3
Araba plakalarının kullanılmaya başlandığı ilk ülke olan Fransada bu uygulumaya hangi yılda geçilmiştir?,1901,1902,1903,1904,1,3
Dünyada en çok zaman dilimi kullanan ülke olan Fransa kaç farklı zaman dilimi kullanmaktadır?,10,12,14,15,2,2
Yıllık 9.3 milyon ziyaretçisiyle Fransanın Paris şehrinde bulunan müze hangisidir?,Louvre,Orsay,Rodin,Picasso,1,1
İki ülkeyi birbirine bağlayan Manş Tüneli Fransayı hangi ülkeye bağlamaktadır?,Belçika,Lüksemburg,İspanya,İngiltere,4,1
Hangisi Fransanın komşusu değildir?,İspanya,Almanya,İtalya,İngiltere,4,1
Fransa bayrağında hangi renk yoktur?,Kırmızı,Beyaz,Mavi,Yeşil,4,1
MevcutFransa başkanı kimdir?,Emmanuel Macron,François Hollande,Nicolas Sarkozy,Jacques Chirac,1,2
1. dünya savaşı sonunda Fransızlar Anadoluda nereleri işgal etmiştir?,Konya ve çevresi,Adana ve çevresi,İzmir,Eskişehir,2,2