İtalyanın başkenti neresidir?,Milano,Venedik,Roma,Pisa,3,1
Pizza yapımında kullanılan en önemli italyan peyniri aşağıdakilerden hangisidir?,Parmesan,Mozarella,Kaşar,Ezine,2,1
Aşağıdakilerden hangisi italyan yemekleri arasında değildir?,Risotto,Lazanya,Tiramisu,Paella,4,2
İtalyanın güney bölgesinde büyük oranda etkili olan iklim hangisidir?,Karasal,Akdeniz,Ekvatoral,Tropikal,2,2
Aşağıdakilerden hangisi İtalya ile sınır komşusu değildir?,İsviçre,Fransa,Slovenya,Sardunya,4,2
İtalya'da 1861 yılından 2002 yılına kadar kullanılan para birimi nedir?,Dolar,Euro,Mark,Lire,4,2
Katolik inancının merkezi olarak bilinen Vatikan hangi şehirdedir?,Roma,Lazio,Milano,Venedik,1,1
Venedik Karnavalı hangi hastalık sonucu ortaya çıkmıştır?,Uyuz,Cüzzam,Veba,Sedef,3,3
Sular Şehri olarak bilinen İtalya şehri hangisidir?,Venedik,Lazio,Napoli,Roma,1,1
İtalyanın haritadaki görünümü hangisine benzer?,Çizme,Çanta,Araba,Kazak,1,1