Türkiye,bayrak,41.015137,28.979530,Rusya,Mısır,İtalya,Katar
Mısır,bayrak,30.045916,31.224291,Türkiye,Katar
Hindistan,bayrak,28.644800,77.216721,Katar,Çin,Japonya
Rusya,bayrak,55.751770,37.608868,Türkiye,Çin,İngiltere
Fransa,bayrak,48.864716,2.349014,İngiltere,İspanya,İtalya,Almanya
İspanya,bayrak,40.416775,-3.703790,Fransa,İngiltere,Brezilya,Amerika,İtalya,Almanya
Amerika,bayrak,40.730610,-73.935242,Kanada,İspanya,Brezilya,İngiltere,Japonya,Çin,Arjantin
Japonya,bayrak,35.652832,139.839478,Çin,Hindistan,Amerika,Kanada
Çin,bayrak,31.207397,121.444710,Hindistan,Japonya,Rusya,Amerika
Brezilya,bayrak,-15.790669,-47.892967,Arjantin,İspanya,Amerika
Arjantin,bayrak,-34.603722,-58.381592,Brezilya,Amerika
Katar,bayrak,24.952171,51.587822,Türkiye,Mısır,Hindistan
İngiltere,bayrak,51.509865,0,Fransa,İspanya,Amerika,Rusya,Almanya
İtalya,bayrak,41.906204,12.507516,Fransa,İspanya,Türkiye,Almanya
Kanada,bayrak,43.623409,-79.368683,Amerika,Japonya
Almanya,bayrak,52.520008,13.404954,İtalya,İngiltere,Fransa,İspanya